<?xml version="1.0" encoding="UTF-8" standalone="yes"?>
<addon id="plugin.video.CINEFLIX"
       name="[COLOR white]CINE[COLORred]FLIX[/COLOR]"
       version="0.1"
       provider-name="[B][COLORwhite]JUNIOR Lima[/B][/COLOR]">
  <requires>
    <import addon="xbmc.python" version="2.1.0"/>
	<import addon="script.module.t0mm0.common" version="2.0.0"/>
    <import addon="script.module.beautifulsoup" version="3.2.1"/>
    <import addon="script.module.simple.downloader" version="0.9.4"/>
    <import addon="script.module.beautifulsoup4"/>
    <import addon="script.module.simple.downloader" version="0.9.4"/>
    <import addon="script.module.requests" />
    <import addon="script.module.httplib2" />
    <import addon="script.module.youtube.dl" optional="true"/>
    <import addon="plugin.video.youtube" version="3.0.0"/>
    <import addon="script.module.urlresolver"/>
    <import addon="script.module.simplejson" /> 
    <import addon="script.common.plugin.cache" version="2.5.2"/>
    <import addon="script.module.metahandler" version="2.5.1"/>
	<import addon="script.module.livestreamer" optional="true"/>
</requires>
<extension library="default.py" point="xbmc.python.pluginsource">
<provides>video</provides>
</extension><extension point="xbmc.addon.metadata">
<summary>[B][COLOOR white]Muita Divesao e so lugar com ADDON [COLOR white]CINE[COLOR red]FLIX[/B][/COLOR]</summary>
<description lang="en">[/B][COLOR white]CINE[COLOR red]FLIX[COLOR white]E apenas um Agregador de links,E assim como Google.com,Apenas Agrega e arganiza os Links externos.Nao somos Responsaveis pelo Conteudos Encontrados.aqui[/B][/COLOR]</description>
<platform>all</platform>
<assets>
<icon>icon.png</icon>
<fanart>fanart.jpg</fanart>
<screenshot>resources/screenshots/01.jpg</screenshot>
<screenshot>resources/screenshots/02.jpg</screenshot><screenshot>resources/screenshots/03.jpg</screenshot>
</assets>
</extension>
</addon>
