<?xml version="1.0" encoding="UTF-8" standalone="yes"?>
<addon id="service.softcam.oscam.sky"
       name="[B]OS[/B][COLOR blue]cam[/COLOR]"
       version="30.1.17"
       provider-name="[COLOR aqua]Team2Atto[/COLOR]">
  <requires>
    <import addon="xbmc.python" version="2.1.0"/>
  </requires>
  <extension point="xbmc.python.script" library="default.py">
    <provides>executable</provides>
  </extension>
  <extension point="xbmc.service" library="service.py">
    <provides>executable</provides>
  </extension>
  <extension point="xbmc.addon.metadata">
        <summary lang="en">OSCAM: OSCam is Open Source Conditional Access Modul.</summary>
	    <summary lang="pt_BR">OSCAM: OSCam é um módulo de acesso condicional Open Source.</summary>
	    <description lang="en">Oscam stands for "Open Source Conditional Access Modul", basically this is the result of collaboration of several developers from different countries and still is in development, and you can always get the most updated code in the repository to be able to us own the compile.

At the beginning the oscam was just a cardserver (only server) cross-platform and multi-protocol, but quickly became a client as well. Currently with oscam can read cards directly, and share them, or simply be a customer of a Cccam server, oscam etc ...</description>
	    <description lang="pt_BR">Oscam é o acrónimo de “Open Source Conditional Access Modul”, basicamente isto é o fruto da colaboração de varios programadores de diversos países e ainda encontra-se em desenvolvimento, e pode-se sempre ir buscar o código mais actualizado no repositório para podermos nós próprios o compilar.

Ao inicio o Oscam era apenas um cardserver (apenas servidor) multi-plataformas e multi-protocolos, no entanto rapidamente passou a ser um cliente também. Actualmente com Oscam pode ler cartões directamente, e partilhar os mesmos, ou simplesmente ser cliente de um servidor Cccam, Oscam etc...</description>
	    <disclaimer lang="en">The oscam may be illegal in your country. If in doubt, do not install.</disclaimer>
	    <disclaimer lang="pt_BR">O oscam pode ser ilegal em seu país. Em caso de dúvida, não instale.</disclaimer>
        <platform>all</platform>
	</extension>
</addon>
