<?xml version="1.0" encoding="UTF-8" standalone="yes"?>
<addon id="plugin.video.brasilfull"
       name="[COLOR green][B]Brasil [/B][/COLOR][COLOR yellow][B]Full[/B][/COLOR]"
       version="3.1"
       provider-name="[COLOR firebrick][B]MatheuZ[/B][/COLOR]">
  <requires>
    <import addon="xbmc.python" version="2.1.0"/>
	 <import addon="script.module.t0mm0.common" version="2.0.0"/>
    <import addon="script.module.beautifulsoup" version="3.2.1"/>
    <import addon="script.module.simple.downloader" version="0.9.4"/>
    <import addon="script.module.beautifulsoup4"/>
    <import addon="script.module.simple.downloader" version="0.9.4"/>
    <import addon="script.module.requests" />
    <import addon="script.module.httplib2" />
    <import addon="script.module.youtube.dl" optional="true"/>
    <import addon="plugin.video.youtube" version="5.0.0"/>
    <import addon="script.module.urlresolver"/>
    <import addon="script.module.simplejson" /> 
    <import addon="script.common.plugin.cache" version="2.5.2"/>
    <import addon="script.module.metahandler" version="2.5.1"/>
	<import addon="script.module.livestreamer" optional="true"/>
  </requires>
  <extension point="xbmc.python.pluginsource" library="koding.py">
    <provides>video</provides>
  </extension>
  <extension point="xbmc.addon.metadata">
  	<summary>[COLOR green][B]Brasil [/B][/COLOR][COLOR yellow][B]Full[/B][/COLOR] - Do Brasil para o Brasileiro</summary>
    <description lang="en">[COLOR white][B]Add-on com foco em conteúdo dublado seja Filmes, Séries, Desenhos, Canais, Animes, etc. Tento trazer tudo na melhor qualidade encontrada na internet desde HD 720p até UltraHD 4K. 
    	"A arte começa onde a imitação acaba..." Oscar Wilde[/B][/COLOR]</description>
    <disclaimer lang="en">O autor não é responsável pelo uso deste addon. O autor não é responsável pelo conteúdo encontrado usando este addon. O autor não hospeda ou possui qualquer conteúdo encontrado dentro deste addon. O autor não é de forma alguma afiliado com Kodi, Team Kodi, ou a Fundação XBMC. Este é um recurso sem fins lucrativos, organizado exclusivamente para fins educacionais. fins protegidos pela doutrina de uso justo da Lei de Direitos Autorais, especificamente a seção 107, que promove a liberdade de expressão, ao permitir o uso não licenciado de obras protegidas por direitos autorais.</disclaimer>
    <website>http://brfull.ml/</website>
    <email>suporte.brasilfull@gmail.com</email>
    <reuselanguageinvoker>false</reuselanguageinvoker>
    <news>│Atualização v3.1:│

          Sistema de pesquisa geral│
                   │Melhorias de estabilidade
                  Correções de bugs│

          Brasil Full - Saiu Dublado Saiu Aqui
               </news>
    <platform>all</platform>
  </extension>
</addon>
