<?xml version="1.0" encoding="UTF-8" standalone="yes"?>
<addon id="plugin.video.adulthideout" name="AdultHideout" version="0.8.6" provider-name="Vashiel">
    <requires>
    </requires>
    <extension point="xbmc.python.pluginsource" library="default.py">
        <provides>video</provides>
    </extension>
    <extension point="xbmc.addon.metadata">
        <news>
            v 0.8.6 2018-05-18- fixed dato.porn
        </news>
        <summary>[COLOR red]XXX[/COLOR] Porn videos</summary>
        <description>
            Internet [COLOR red]XXX Porn Video[COLOR white] Streams. [COLOR red][B]WARNING:[/B][COLOR red]Only for adults[/COLOR] [COLOR white]Github: https://github.com/Vashiel/repository.adulthideout Email: adulthideout@yandex.com[/COLOR]
        </description>
        <disclaimer>
        </disclaimer>
        <platform>all</platform>
        <license>http://www.gnu.org/licenses/</license>
        <forum></forum>
        <website></website>
        <email></email>
        <mainsource>https://github.com/Vashiel/repository.adulthideout</mainsource>
        <source></source>
    </extension>
</addon>