﻿<?xml version="1.0" encoding="UTF-8" standalone="yes"?>
<addon id="plugin.video.tiabet"
       name="Tia BET"
       version="1.0.0"
       provider-name="leandrotsampa">
  <requires>
    <import addon="xbmc.python" version="2.1.0"/>
  </requires>
  <extension point="xbmc.python.pluginsource" library="default.py">
        <provides>video</provides>
  </extension>
	<extension point="xbmc.addon.metadata">
      <summary lang="en"></summary>
	    <summary lang="pt_BR">Defini os Picons para os canais da NET.</summary>
	    <description lang="en"></description>
	    <description lang="pt_BR"></description>
	    <disclaimer lang="en"></disclaimer>
	    <disclaimer lang="pt_BR"></disclaimer>
      <platform>all</platform>
	</extension>
</addon>
