<?xml version="1.0" encoding="UTF-8" standalone="yes"?>
<addon id="plugin.video.BrazucaPlay" name="[B][COLOR white]BRAZUCA PLAY[/COLOR][/B]" version="2.0.8" provider-name="[B][COLOR white]Brazuca Play[/COLOR][/B]">
    <requires>
        <import addon="xbmc.python" version="2.1.0" />
        <import addon="script.module.t0mm0.common" />
        <import addon="script.module.beautifulsoup" />
        <import addon="script.module.beautifulsoup4" />
        <import addon="script.module.simple.downloader" />
        <import addon="script.module.requests" />
        <import addon="script.module.httplib2" />
        <import addon="script.module.urlresolver" />
        <import addon="script.module.simplejson" />
        <import addon="script.common.plugin.cache" />
        <import addon="script.module.metahandler" />
    </requires>
    <extension point="xbmc.python.pluginsource" library="default.py">
        <provides>video</provides>
    </extension>
    <extension point="xbmc.addon.metadata">
        <summary>[COLOR white]TV, Filmes, Séries, Desenhos e Animes.[/COLOR]</summary>
        <description>[B][COLOR blue]●[/COLOR][COLOR white]Brazuca Play é apenas um AGREGADOR de links e, assim como o Google.com, apenas agrega e organiza os links externos. Não somos responsáveis pelos arquivos aqui encontrados.[/COLOR][/B] [B][COLOR firebrick]●[/COLOR]
            [COLOR white]Proibido a venda dos add-ons do Brazuca Play.[/COLOR][/B] [B][COLOR firebrick]●[/COLOR] [COLOR white]Não vendemos IPTV, caso ache sites ou mesmo apps é falso.[/COLOR][/B]</description>
        <disclaimer>[B][COLOR white]OBRIGADO POR USAR NOSSO ADD-ON > DOAÇÕES: [/COLOR][COLOR gold]BIT.LY/BRPLAYDONATE[/COLOR][/B]</disclaimer>
        <news>
            [COLOR blue]●[/COLOR] v2.0.8 - CORREÇÃO DE AGOSTO DE 2019. [COLOR blue]●[/COLOR] v2.0.7 - PEQUENAS CORREÇÕES DE 2019.
        </news>
        <platform>all</platform>
        <assets>
            <icon>icon.png</icon>
            <fanart>fanart.jpg</fanart>
            <screenshot>resources/screenshots/home.jpg</screenshot>
            <screenshot>resources/screenshots/movies.jpg</screenshot>
            <screenshot>resources/screenshots/series.jpg</screenshot>
        </assets>
    </extension>
</addon>