<?xml version="1.0" encoding="UTF-8" standalone="yes"?>
<addon
   id="service.subtitles.attosub"
   name="[B][COLOR FF6AC045]Atto[/COLOR][COLOR FFFF0000] Sub[/COLOR][/B]"
   version="1.0.3"
   provider-name="Atto">
  <requires>
    <import addon="xbmc.python" version="2.14.0"/>
  </requires>
  <extension point="xbmc.subtitle.module" library="service.py" />
  <extension point="xbmc.addon.metadata">
    <summary>Atto Subs</summary>
    <description lang="en">Search and download subtitles from most of userful websites.</description>
    <description lang="pt">Procura e baixa legendas dos sites mais usados.</description>
    <language></language>
    <platform>all</platform>
    <license>GNU GENERAL PUBLIC LICENSE. Version 3.</license>
    <forum>https://freesatelitalhd.com/forum/</forum>
    <website>http://atto.tv/</website>
  </extension>
</addon>